<?xml version='1.0' encoding='UTF-8'?>
<efxpt:design_db xmlns:efxpt="http://www.efinixinc.com/peri_design_db" xmlns:xsi="http://www.w3.org/2001/XMLSchema-instance" name="soc" device_def="Ti60F225" location="/home/supernova/install/efinity/2021.M/ipm/bin/gui/None/ip/ss_peri/Ti60F225_devkit" version="2021.M.273" db_version="20211999" last_change_date="Sat Nov 13 21:32:47 2021" xsi:schemaLocation="http://www.efinixinc.com/peri_design_db peri_design_db.xsd ">
    <efxpt:device_info>
        <efxpt:iobank_info>
            <efxpt:iobank name="1A" iostd="1.8 V LVCMOS" is_dyn_voltage="false" mode_sel_name="1A_MODE_SEL" />
            <efxpt:iobank name="1B" iostd="1.8 V LVCMOS" is_dyn_voltage="false" mode_sel_name="1B_MODE_SEL" />
            <efxpt:iobank name="2A" iostd="1.8 V LVCMOS" is_dyn_voltage="false" mode_sel_name="2A_MODE_SEL" />
            <efxpt:iobank name="2B" iostd="1.8 V LVCMOS" is_dyn_voltage="false" mode_sel_name="2B_MODE_SEL" />
            <efxpt:iobank name="3A" iostd="1.2 V LVCMOS" is_dyn_voltage="false" mode_sel_name="3A_MODE_SEL" />
            <efxpt:iobank name="3B" iostd="1.2 V LVCMOS" is_dyn_voltage="false" mode_sel_name="3B_MODE_SEL" />
            <efxpt:iobank name="4A" iostd="1.2 V LVCMOS" is_dyn_voltage="false" mode_sel_name="4A_MODE_SEL" />
            <efxpt:iobank name="4B" iostd="1.2 V LVCMOS" is_dyn_voltage="false" mode_sel_name="4B_MODE_SEL" />
            <efxpt:iobank name="BL" iostd="3.3 V LVCMOS" is_dyn_voltage="false" mode_sel_name="BL_MODE_SEL" />
            <efxpt:iobank name="BR" iostd="3.3 V LVCMOS" is_dyn_voltage="false" mode_sel_name="BR_MODE_SEL" />
            <efxpt:iobank name="TL" iostd="3.3 V LVCMOS" is_dyn_voltage="false" mode_sel_name="TL_MODE_SEL" />
            <efxpt:iobank name="TR" iostd="3.3 V LVCMOS" is_dyn_voltage="false" mode_sel_name="TR_MODE_SEL" />
        </efxpt:iobank_info>
        <efxpt:ctrl_info>
            <efxpt:ctrl name="cfg" ctrl_def="CONFIG_CTRL0" clock_name="" is_clk_invert="false" cbsel_bus_name="cfg_CBSEL" config_ctrl_name="cfg_CONFIG" ena_capture_name="cfg_ENA" error_status_name="cfg_ERROR" um_signal_status_name="cfg_USR_STATUS" is_remote_update_enable="false" is_user_mode_enable="false" />
        </efxpt:ctrl_info>
        <efxpt:seu_info>
            <efxpt:seu name="seu" block_def="CONFIG_SEU0" mode="auto" ena_detect="false" wait_interval="0">
                <efxpt:gen_pin>
                    <efxpt:pin name="seu_START" type_name="START" is_bus="false" />
                    <efxpt:pin name="seu_RST" type_name="RST" is_bus="false" />
                    <efxpt:pin name="seu_CONFIG" type_name="CONFIG" is_bus="false" />
                    <efxpt:pin name="seu_ERROR" type_name="ERROR" is_bus="false" />
                    <efxpt:pin name="seu_DONE" type_name="DONE" is_bus="false" />
                    <efxpt:pin name="seu_INJECT_ERROR" type_name="INJECT_ERROR" is_bus="false" />
                </efxpt:gen_pin>
            </efxpt:seu>
        </efxpt:seu_info>
        <efxpt:clkmux_info>
            <efxpt:clkmux name="CLKMUX_B" block_def="CLKMUX_B" is_mux_bot0_dyn="false" is_mux_bot7_dyn="false">
                <efxpt:gen_pin>
                    <efxpt:pin name="" type_name="ROUTE0" is_bus="false" />
                    <efxpt:pin name="" type_name="DYN_MUX_SEL_7" is_bus="true" />
                    <efxpt:pin name="" type_name="DYN_MUX_OUT_7" is_bus="false" />
                    <efxpt:pin name="" type_name="ROUTE1" is_bus="false" />
                    <efxpt:pin name="" type_name="ROUTE2" is_bus="false" />
                    <efxpt:pin name="" type_name="ROUTE3" is_bus="false" />
                    <efxpt:pin name="" type_name="DYN_MUX_OUT_0" is_bus="false" />
                    <efxpt:pin name="" type_name="DYN_MUX_SEL_0" is_bus="true" />
                </efxpt:gen_pin>
            </efxpt:clkmux>
            <efxpt:clkmux name="CLKMUX_L" block_def="CLKMUX_L" is_mux_bot0_dyn="false" is_mux_bot7_dyn="false">
                <efxpt:gen_pin>
                    <efxpt:pin name="" type_name="ROUTE0" is_bus="false" />
                    <efxpt:pin name="" type_name="DYN_MUX_SEL_7" is_bus="true" />
                    <efxpt:pin name="" type_name="DYN_MUX_OUT_7" is_bus="false" />
                    <efxpt:pin name="" type_name="ROUTE1" is_bus="false" />
                    <efxpt:pin name="" type_name="ROUTE2" is_bus="false" />
                    <efxpt:pin name="" type_name="ROUTE3" is_bus="false" />
                    <efxpt:pin name="" type_name="DYN_MUX_OUT_0" is_bus="false" />
                    <efxpt:pin name="" type_name="DYN_MUX_SEL_0" is_bus="true" />
                </efxpt:gen_pin>
            </efxpt:clkmux>
            <efxpt:clkmux name="CLKMUX_R" block_def="CLKMUX_R" is_mux_bot0_dyn="false" is_mux_bot7_dyn="false">
                <efxpt:gen_pin>
                    <efxpt:pin name="" type_name="ROUTE0" is_bus="false" />
                    <efxpt:pin name="" type_name="DYN_MUX_SEL_7" is_bus="true" />
                    <efxpt:pin name="" type_name="DYN_MUX_OUT_7" is_bus="false" />
                    <efxpt:pin name="" type_name="ROUTE1" is_bus="false" />
                    <efxpt:pin name="" type_name="ROUTE2" is_bus="false" />
                    <efxpt:pin name="" type_name="ROUTE3" is_bus="false" />
                    <efxpt:pin name="" type_name="DYN_MUX_OUT_0" is_bus="false" />
                    <efxpt:pin name="" type_name="DYN_MUX_SEL_0" is_bus="true" />
                </efxpt:gen_pin>
            </efxpt:clkmux>
            <efxpt:clkmux name="CLKMUX_T" block_def="CLKMUX_T" is_mux_bot0_dyn="false" is_mux_bot7_dyn="false">
                <efxpt:gen_pin>
                    <efxpt:pin name="" type_name="ROUTE0" is_bus="false" />
                    <efxpt:pin name="" type_name="DYN_MUX_SEL_7" is_bus="true" />
                    <efxpt:pin name="" type_name="DYN_MUX_OUT_7" is_bus="false" />
                    <efxpt:pin name="" type_name="ROUTE1" is_bus="false" />
                    <efxpt:pin name="" type_name="ROUTE2" is_bus="false" />
                    <efxpt:pin name="" type_name="ROUTE3" is_bus="false" />
                    <efxpt:pin name="" type_name="DYN_MUX_OUT_0" is_bus="false" />
                    <efxpt:pin name="" type_name="DYN_MUX_SEL_0" is_bus="true" />
                </efxpt:gen_pin>
            </efxpt:clkmux>
        </efxpt:clkmux_info>
    </efxpt:device_info>
    <efxpt:gpio_info>
        <efxpt:comp_gpio name="io_asyncResetn" gpio_def="GPIOR_P_06" mode="input" bus_name="" io_standard="1.2 V LVCMOS">
            <efxpt:input_config name="io_asyncResetn" name_ddio_lo="" conn_type="normal" is_register="false" clock_name="" is_clock_inverted="false" pull_option="weak pullup" is_schmitt_trigger="false" ddio_type="none" is_bus_hold="false" delay="0" is_serial="false" is_dyn_delay="false" fastclk_name="" pullup_ena_name="io_asyncResetn_PULL_UP_ENA" dyn_delay_en_name="io_asyncResetn_DLY_ENA" dyn_delay_reset_name="io_asyncResetn_DLY_RST" dyn_delay_ctrl_name="io_asyncResetn_DLY_CTRL" clkmux_buf_name="" />
        </efxpt:comp_gpio>
        <efxpt:comp_gpio name="memoryCheckerPass" gpio_def="GPIOR_P_09" mode="output" bus_name="" io_standard="1.2 V LVCMOS">
            <efxpt:output_config name="memoryCheckerPass" name_ddio_lo="" register_option="none" clock_name="" is_clock_inverted="false" is_slew_rate="false" tied_option="none" ddio_type="none" delay="0" is_serial="false" drive_strength="4" fastclk_name="" />
        </efxpt:comp_gpio>
        <efxpt:comp_gpio name="my_pll_pin" gpio_def="GPIOL_P_18" mode="input" bus_name="" io_standard="1.8 V LVCMOS">
            <efxpt:input_config name="my_pll_pin" name_ddio_lo="" conn_type="pll_clkin" is_register="false" clock_name="" is_clock_inverted="false" pull_option="none" is_schmitt_trigger="false" ddio_type="none" is_bus_hold="false" delay="0" is_serial="false" is_dyn_delay="false" fastclk_name="" pullup_ena_name="my_pll_pin_PULL_UP_ENA" dyn_delay_en_name="my_pll_pin_DLY_ENA" dyn_delay_reset_name="my_pll_pin_DLY_RST" dyn_delay_ctrl_name="my_pll_pin_DLY_CTRL" clkmux_buf_name="" />
        </efxpt:comp_gpio>
        <efxpt:comp_gpio name="system_gpio_0_io[0]" gpio_def="GPIOR_N_06" mode="inout" bus_name="system_gpio_0_io" io_standard="1.2 V LVCMOS">
            <efxpt:input_config name="system_gpio_0_io_read[0]" name_ddio_lo="" conn_type="normal" is_register="false" clock_name="" is_clock_inverted="false" pull_option="none" is_schmitt_trigger="false" ddio_type="none" is_bus_hold="false" delay="0" is_serial="false" is_dyn_delay="false" fastclk_name="" pullup_ena_name="system_gpio_0_io_PULL_UP_ENA[0]" dyn_delay_en_name="system_gpio_0_io_DLY_ENA[0]" dyn_delay_reset_name="system_gpio_0_io_DLY_RST[0]" dyn_delay_ctrl_name="system_gpio_0_io_DLY_CTRL[0]" clkmux_buf_name="" />
            <efxpt:output_config name="system_gpio_0_io_write[0]" name_ddio_lo="" register_option="none" clock_name="" is_clock_inverted="false" is_slew_rate="false" tied_option="none" ddio_type="none" delay="0" is_serial="false" drive_strength="4" fastclk_name="" />
            <efxpt:output_enable_config name="system_gpio_0_io_writeEnable[0]" is_register="false" clock_name="" is_clock_inverted="false" name_oen="system_gpio_0_io_OEN[0]" />
        </efxpt:comp_gpio>
        <efxpt:comp_gpio name="system_gpio_0_io[1]" gpio_def="GPIOR_N_07" mode="inout" bus_name="system_gpio_0_io" io_standard="1.2 V LVCMOS">
            <efxpt:input_config name="system_gpio_0_io_read[1]" name_ddio_lo="" conn_type="normal" is_register="false" clock_name="" is_clock_inverted="false" pull_option="none" is_schmitt_trigger="false" ddio_type="none" is_bus_hold="false" delay="0" is_serial="false" is_dyn_delay="false" fastclk_name="" pullup_ena_name="system_gpio_0_io_PULL_UP_ENA[1]" dyn_delay_en_name="system_gpio_0_io_DLY_ENA[1]" dyn_delay_reset_name="system_gpio_0_io_DLY_RST[1]" dyn_delay_ctrl_name="system_gpio_0_io_DLY_CTRL[1]" clkmux_buf_name="" />
            <efxpt:output_config name="system_gpio_0_io_write[1]" name_ddio_lo="" register_option="none" clock_name="" is_clock_inverted="false" is_slew_rate="false" tied_option="none" ddio_type="none" delay="0" is_serial="false" drive_strength="4" fastclk_name="" />
            <efxpt:output_enable_config name="system_gpio_0_io_writeEnable[1]" is_register="false" clock_name="" is_clock_inverted="false" name_oen="system_gpio_0_io_OEN[1]" />
        </efxpt:comp_gpio>
        <efxpt:comp_gpio name="system_gpio_0_io[2]" gpio_def="GPIOR_N_09" mode="inout" bus_name="system_gpio_0_io" io_standard="1.2 V LVCMOS">
            <efxpt:input_config name="system_gpio_0_io_read[2]" name_ddio_lo="" conn_type="normal" is_register="false" clock_name="" is_clock_inverted="false" pull_option="none" is_schmitt_trigger="false" ddio_type="none" is_bus_hold="false" delay="0" is_serial="false" is_dyn_delay="false" fastclk_name="" pullup_ena_name="system_gpio_0_io_PULL_UP_ENA[2]" dyn_delay_en_name="system_gpio_0_io_DLY_ENA[2]" dyn_delay_reset_name="system_gpio_0_io_DLY_RST[2]" dyn_delay_ctrl_name="system_gpio_0_io_DLY_CTRL[2]" clkmux_buf_name="" />
            <efxpt:output_config name="system_gpio_0_io_write[2]" name_ddio_lo="" register_option="none" clock_name="" is_clock_inverted="false" is_slew_rate="false" tied_option="none" ddio_type="none" delay="0" is_serial="false" drive_strength="4" fastclk_name="" />
            <efxpt:output_enable_config name="system_gpio_0_io_writeEnable[2]" is_register="false" clock_name="" is_clock_inverted="false" name_oen="system_gpio_0_io_OEN[2]" />
        </efxpt:comp_gpio>
        <efxpt:comp_gpio name="system_gpio_0_io[3]" gpio_def="GPIOR_N_08" mode="inout" bus_name="system_gpio_0_io" io_standard="1.2 V LVCMOS">
            <efxpt:input_config name="system_gpio_0_io_read[3]" name_ddio_lo="" conn_type="normal" is_register="false" clock_name="" is_clock_inverted="false" pull_option="none" is_schmitt_trigger="false" ddio_type="none" is_bus_hold="false" delay="0" is_serial="false" is_dyn_delay="false" fastclk_name="" pullup_ena_name="system_gpio_0_io_PULL_UP_ENA[3]" dyn_delay_en_name="system_gpio_0_io_DLY_ENA[3]" dyn_delay_reset_name="system_gpio_0_io_DLY_RST[3]" dyn_delay_ctrl_name="system_gpio_0_io_DLY_CTRL[3]" clkmux_buf_name="" />
            <efxpt:output_config name="system_gpio_0_io_write[3]" name_ddio_lo="" register_option="none" clock_name="" is_clock_inverted="false" is_slew_rate="false" tied_option="none" ddio_type="none" delay="0" is_serial="false" drive_strength="4" fastclk_name="" />
            <efxpt:output_enable_config name="system_gpio_0_io_writeEnable[3]" is_register="false" clock_name="" is_clock_inverted="false" name_oen="system_gpio_0_io_OEN[3]" />
        </efxpt:comp_gpio>
        <efxpt:comp_gpio name="system_spi_0_io_data_0" gpio_def="GPIOL_P_03" mode="inout" bus_name="" io_standard="1.8 V LVCMOS">
            <efxpt:input_config name="system_spi_0_io_data_0_read" name_ddio_lo="" conn_type="normal" is_register="true" clock_name="io_systemClk" is_clock_inverted="false" pull_option="none" is_schmitt_trigger="false" ddio_type="none" is_bus_hold="false" delay="0" is_serial="false" is_dyn_delay="false" fastclk_name="" pullup_ena_name="system_spi_0_io_data_0_PULL_UP_ENA" dyn_delay_en_name="system_spi_0_io_data_0_DLY_ENA" dyn_delay_reset_name="system_spi_0_io_data_0_DLY_RST" dyn_delay_ctrl_name="system_spi_0_io_data_0_DLY_CTRL" clkmux_buf_name="" />
            <efxpt:output_config name="system_spi_0_io_data_0_write" name_ddio_lo="" register_option="register" clock_name="io_systemClk" is_clock_inverted="false" is_slew_rate="false" tied_option="none" ddio_type="none" delay="0" is_serial="false" drive_strength="4" fastclk_name="" />
            <efxpt:output_enable_config name="system_spi_0_io_data_0_writeEnable" is_register="true" clock_name="io_systemClk" is_clock_inverted="false" name_oen="system_spi_0_io_data_0_OEN" />
        </efxpt:comp_gpio>
        <efxpt:comp_gpio name="system_spi_0_io_data_1" gpio_def="GPIOL_N_03" mode="inout" bus_name="" io_standard="1.8 V LVCMOS">
            <efxpt:input_config name="system_spi_0_io_data_1_read" name_ddio_lo="" conn_type="normal" is_register="true" clock_name="io_systemClk" is_clock_inverted="false" pull_option="none" is_schmitt_trigger="false" ddio_type="none" is_bus_hold="false" delay="0" is_serial="false" is_dyn_delay="false" fastclk_name="" pullup_ena_name="system_spi_0_io_data_1_PULL_UP_ENA" dyn_delay_en_name="system_spi_0_io_data_1_DLY_ENA" dyn_delay_reset_name="system_spi_0_io_data_1_DLY_RST" dyn_delay_ctrl_name="system_spi_0_io_data_1_DLY_CTRL" clkmux_buf_name="" />
            <efxpt:output_config name="system_spi_0_io_data_1_write" name_ddio_lo="" register_option="register" clock_name="io_systemClk" is_clock_inverted="false" is_slew_rate="false" tied_option="none" ddio_type="none" delay="0" is_serial="false" drive_strength="4" fastclk_name="" />
            <efxpt:output_enable_config name="system_spi_0_io_data_1_writeEnable" is_register="true" clock_name="io_systemClk" is_clock_inverted="false" name_oen="system_spi_0_io_data_1_OEN" />
        </efxpt:comp_gpio>
        <efxpt:comp_gpio name="system_spi_0_io_sclk_write" gpio_def="GPIOL_N_01" mode="output" bus_name="" io_standard="1.8 V LVCMOS">
            <efxpt:output_config name="system_spi_0_io_sclk_write" name_ddio_lo="" register_option="register" clock_name="io_systemClk" is_clock_inverted="false" is_slew_rate="false" tied_option="none" ddio_type="none" delay="0" is_serial="false" drive_strength="4" fastclk_name="" />
        </efxpt:comp_gpio>
        <efxpt:comp_gpio name="system_spi_0_io_ss" gpio_def="GPIOL_P_01" mode="output" bus_name="" io_standard="1.8 V LVCMOS">
            <efxpt:output_config name="system_spi_0_io_ss" name_ddio_lo="" register_option="register" clock_name="io_systemClk" is_clock_inverted="false" is_slew_rate="false" tied_option="none" ddio_type="none" delay="0" is_serial="false" drive_strength="4" fastclk_name="" />
        </efxpt:comp_gpio>
        <efxpt:comp_gpio name="system_uart_0_io_rxd" gpio_def="GPIOL_01" mode="input" bus_name="" io_standard="3.3 V LVCMOS">
            <efxpt:input_config name="system_uart_0_io_rxd" name_ddio_lo="" conn_type="normal" is_register="false" clock_name="" is_clock_inverted="false" pull_option="weak pullup" is_schmitt_trigger="false" ddio_type="none" is_bus_hold="false" delay="0" is_serial="false" is_dyn_delay="false" fastclk_name="" pullup_ena_name="system_uart_0_io_rxd_PULL_UP_ENA" dyn_delay_en_name="system_uart_0_io_rxd_DLY_ENA" dyn_delay_reset_name="system_uart_0_io_rxd_DLY_RST" dyn_delay_ctrl_name="system_uart_0_io_rxd_DLY_CTRL" clkmux_buf_name="" />
        </efxpt:comp_gpio>
        <efxpt:comp_gpio name="system_uart_0_io_txd" gpio_def="GPIOL_02" mode="output" bus_name="" io_standard="3.3 V LVCMOS">
            <efxpt:output_config name="system_uart_0_io_txd" name_ddio_lo="" register_option="none" clock_name="" is_clock_inverted="false" is_slew_rate="false" tied_option="none" ddio_type="none" delay="0" is_serial="false" drive_strength="4" fastclk_name="" />
        </efxpt:comp_gpio>
        <efxpt:global_unused_config state="input with weak pulldown" />
        <efxpt:bus name="system_gpio_0_io" mode="inout" msb="3" lsb="0" />
    </efxpt:gpio_info>
    <efxpt:pll_info>
        <efxpt:pll name="my_base" pll_def="PLL_TL0" ref_clock_name="" ref_clock_freq="25.00" multiplier="1" pre_divider="1" post_divider="2" reset_name="baseClk_pll_rstn" locked_name="" is_ipfrz="false" is_bypass_lock="true">
            <efxpt:adv_prop ref_clock_mode="external" ref_clock1_name="" ext_ref_clock_id="2" clksel_name="" feedback_clock_name="clk0" feedback_mode="core" />
            <efxpt:gen_pin>
                <efxpt:pin name="" type_name="DESKEWED" is_bus="false" />
                <efxpt:pin name="hbc_cal_SHIFT_ENA" type_name="SHIFT_ENA" is_bus="false" />
                <efxpt:pin name="hbc_cal_SHIFT" type_name="SHIFT" is_bus="false" />
                <efxpt:pin name="hbc_cal_SHIFT_SEL" type_name="SHIFT_SEL" is_bus="false" />
            </efxpt:gen_pin>
            <efxpt:comp_output_clock name="clk0" number="0" out_divider="64" is_dyn_phase="false" phase_setting="0">
                <efxpt:gen_pin />
            </efxpt:comp_output_clock>
            <efxpt:comp_prop is_outclk_inverted="false" />
        </efxpt:pll>
        <efxpt:pll name="my_sys" pll_def="PLL_TR0" ref_clock_name="clk0" ref_clock_freq="25.00" multiplier="4" pre_divider="1" post_divider="1" reset_name="systemClk_rstn" locked_name="systemClk_locked" is_ipfrz="false" is_bypass_lock="true">
            <efxpt:adv_prop ref_clock_mode="core" ref_clock1_name="" ext_ref_clock_id="3" clksel_name="" feedback_clock_name="io_memoryClk" feedback_mode="core" />
            <efxpt:gen_pin>
                <efxpt:pin name="" type_name="DESKEWED" is_bus="false" />
                <efxpt:pin name="" type_name="SHIFT_ENA" is_bus="false" />
                <efxpt:pin name="" type_name="SHIFT" is_bus="false" />
                <efxpt:pin name="" type_name="SHIFT_SEL" is_bus="false" />
            </efxpt:gen_pin>
            <efxpt:comp_output_clock name="io_memoryClk" number="0" out_divider="22" is_dyn_phase="false" phase_setting="0">
                <efxpt:gen_pin />
            </efxpt:comp_output_clock>
            <efxpt:comp_output_clock name="io_systemClk" number="1" out_divider="22" is_dyn_phase="false" phase_setting="0">
                <efxpt:gen_pin />
            </efxpt:comp_output_clock>
            <efxpt:comp_prop is_outclk_inverted="false" />
        </efxpt:pll>
    </efxpt:pll_info>
    <efxpt:osc_info />
    <efxpt:lvds_info />
    <efxpt:jtag_info>
        <efxpt:jtag name="jtag_inst1" jtag_def="JTAG_USER1">
            <efxpt:gen_pin>
                <efxpt:pin name="jtag_inst1_CAPTURE" type_name="CAPTURE" is_bus="false" />
                <efxpt:pin name="" type_name="DRCK" is_bus="false" />
                <efxpt:pin name="" type_name="RESET" is_bus="false" />
                <efxpt:pin name="" type_name="RUNTEST" is_bus="false" />
                <efxpt:pin name="jtag_inst1_SEL" type_name="SEL" is_bus="false" />
                <efxpt:pin name="jtag_inst1_SHIFT" type_name="SHIFT" is_bus="false" />
                <efxpt:pin name="jtag_inst1_TCK" type_name="TCK" is_bus="false" />
                <efxpt:pin name="jtag_inst1_TDI" type_name="TDI" is_bus="false" />
                <efxpt:pin name="" type_name="TMS" is_bus="false" />
                <efxpt:pin name="" type_name="UPDATE" is_bus="false" />
                <efxpt:pin name="jtag_inst1_TDO" type_name="TDO" is_bus="false" />
            </efxpt:gen_pin>
        </efxpt:jtag>
    </efxpt:jtag_info>
    <efxpt:mipi_dphy_info />
</efxpt:design_db>