<?xml version='1.0' encoding='UTF-8'?>
<efxpt:design_db xmlns:efxpt="http://www.efinixinc.com/peri_design_db" xmlns:xsi="http://www.w3.org/2001/XMLSchema-instance" name="soc" device_def="T120F324" location="/home/supercomet/efx/efinity/2021.1/ipm/bin/gui/None/ip/ep0/T120F324_devkit" version="2021.1.165.1.6" db_version="20211999" last_change_date="Mon Aug 16 15:50:52 2021" xsi:schemaLocation="http://www.efinixinc.com/peri_design_db peri_design_db.xsd ">
    <efxpt:device_info>
        <efxpt:iobank_info>
            <efxpt:iobank name="1A" iostd="3.3 V LVTTL / LVCMOS" />
            <efxpt:iobank name="1B_1C" iostd="3.3 V LVTTL / LVCMOS" />
            <efxpt:iobank name="1D_1E_1F_1G" iostd="3.3 V LVTTL / LVCMOS" />
            <efxpt:iobank name="2D" iostd="3.3 V LVTTL / LVCMOS" />
            <efxpt:iobank name="2E" iostd="3.3 V LVTTL / LVCMOS" />
            <efxpt:iobank name="2F" iostd="3.3 V LVTTL / LVCMOS" />
            <efxpt:iobank name="3A" iostd="1.2 V" />
            <efxpt:iobank name="3B" iostd="1.2 V" />
            <efxpt:iobank name="3D_TR_BR" iostd="3.3 V LVTTL / LVCMOS" />
            <efxpt:iobank name="4E" iostd="3.3 V LVTTL / LVCMOS" />
            <efxpt:iobank name="4F" iostd="3.3 V LVTTL / LVCMOS" />
            <efxpt:iobank name="BL" iostd="1.2 V" />
            <efxpt:iobank name="TL" iostd="1.2 V" />
        </efxpt:iobank_info>
        <efxpt:ctrl_info>
            <efxpt:ctrl name="cfg" ctrl_def="CONFIG_CTRL0" clock_name="" is_clk_invert="false" cbsel_bus_name="cfg_CBSEL" config_ctrl_name="cfg_CONFIG" ena_capture_name="cfg_ENA" error_status_name="cfg_ERROR" um_signal_status_name="cfg_USR_STATUS" is_remote_update_enable="false" is_user_mode_enable="false" />
        </efxpt:ctrl_info>
    </efxpt:device_info>
    <efxpt:gpio_info device_def="T120F324">
        <efxpt:gpio name="io_asyncResetn" gpio_def="GPIOT_RXP29" mode="input" bus_name="" is_lvds_gpio="true" io_standard="3.3 V LVTTL / LVCMOS">
            <efxpt:input_config name="io_asyncResetn" name_ddio_lo="" conn_type="normal" is_register="false" clock_name="" is_clock_inverted="false" pull_option="weak pullup" is_schmitt_trigger="false" ddio_type="none" />
        </efxpt:gpio>
        <efxpt:gpio name="memoryCheckerPass" gpio_def="GPIOT_RXP24" mode="output" bus_name="" is_lvds_gpio="true" io_standard="3.3 V LVTTL / LVCMOS">
            <efxpt:output_config name="memoryCheckerPass" name_ddio_lo="" register_option="none" clock_name="" is_clock_inverted="false" is_slew_rate="false" tied_option="none" ddio_type="none" drive_strength="1" />
        </efxpt:gpio>
        <efxpt:gpio name="my_pll_refclk" gpio_def="GPIOR_188" mode="input" bus_name="" is_lvds_gpio="false" io_standard="3.3 V LVTTL / LVCMOS">
            <efxpt:input_config name="my_pll_refclk" name_ddio_lo="" conn_type="pll_clkin" is_register="false" clock_name="" is_clock_inverted="false" pull_option="none" is_schmitt_trigger="false" ddio_type="none" />
        </efxpt:gpio>
        <efxpt:gpio name="system_gpio_0_io[0]" gpio_def="GPIOT_RXN29" mode="inout" bus_name="system_gpio_0_io" is_lvds_gpio="true" io_standard="3.3 V LVTTL / LVCMOS">
            <efxpt:input_config name="system_gpio_0_io_read[0]" name_ddio_lo="" conn_type="normal" is_register="false" clock_name="" is_clock_inverted="false" pull_option="weak pullup" is_schmitt_trigger="false" ddio_type="none" />
            <efxpt:output_config name="system_gpio_0_io_write[0]" name_ddio_lo="" register_option="none" clock_name="" is_clock_inverted="false" is_slew_rate="false" tied_option="none" ddio_type="none" drive_strength="1" />
            <efxpt:output_enable_config name="system_gpio_0_io_writeEnable[0]" is_register="false" clock_name="" is_clock_inverted="false" />
        </efxpt:gpio>
        <efxpt:gpio name="system_gpio_0_io[1]" gpio_def="GPIOT_RXN24" mode="inout" bus_name="system_gpio_0_io" is_lvds_gpio="true" io_standard="3.3 V LVTTL / LVCMOS">
            <efxpt:input_config name="system_gpio_0_io_read[1]" name_ddio_lo="" conn_type="normal" is_register="false" clock_name="" is_clock_inverted="false" pull_option="none" is_schmitt_trigger="false" ddio_type="none" />
            <efxpt:output_config name="system_gpio_0_io_write[1]" name_ddio_lo="" register_option="none" clock_name="" is_clock_inverted="false" is_slew_rate="false" tied_option="none" ddio_type="none" drive_strength="1" />
            <efxpt:output_enable_config name="system_gpio_0_io_writeEnable[1]" is_register="false" clock_name="" is_clock_inverted="false" />
        </efxpt:gpio>
        <efxpt:gpio name="system_gpio_0_io[2]" gpio_def="GPIOT_RXP27" mode="inout" bus_name="system_gpio_0_io" is_lvds_gpio="true" io_standard="3.3 V LVTTL / LVCMOS">
            <efxpt:input_config name="system_gpio_0_io_read[2]" name_ddio_lo="" conn_type="normal" is_register="false" clock_name="" is_clock_inverted="false" pull_option="none" is_schmitt_trigger="false" ddio_type="none" />
            <efxpt:output_config name="system_gpio_0_io_write[2]" name_ddio_lo="" register_option="none" clock_name="" is_clock_inverted="false" is_slew_rate="false" tied_option="none" ddio_type="none" drive_strength="1" />
            <efxpt:output_enable_config name="system_gpio_0_io_writeEnable[2]" is_register="false" clock_name="" is_clock_inverted="false" />
        </efxpt:gpio>
        <efxpt:gpio name="system_gpio_0_io[3]" gpio_def="GPIOT_RXN27" mode="inout" bus_name="system_gpio_0_io" is_lvds_gpio="true" io_standard="3.3 V LVTTL / LVCMOS">
            <efxpt:input_config name="system_gpio_0_io_read[3]" name_ddio_lo="" conn_type="normal" is_register="false" clock_name="" is_clock_inverted="false" pull_option="none" is_schmitt_trigger="false" ddio_type="none" />
            <efxpt:output_config name="system_gpio_0_io_write[3]" name_ddio_lo="" register_option="none" clock_name="" is_clock_inverted="false" is_slew_rate="false" tied_option="none" ddio_type="none" drive_strength="1" />
            <efxpt:output_enable_config name="system_gpio_0_io_writeEnable[3]" is_register="false" clock_name="" is_clock_inverted="false" />
        </efxpt:gpio>
        <efxpt:gpio name="system_spi_0_io_data_0" gpio_def="GPIOL_08" mode="inout" bus_name="" is_lvds_gpio="false" io_standard="3.3 V LVTTL / LVCMOS">
            <efxpt:input_config name="system_spi_0_io_data_0_read" name_ddio_lo="" conn_type="normal" is_register="true" clock_name="io_systemClk" is_clock_inverted="false" pull_option="none" is_schmitt_trigger="false" ddio_type="none" />
            <efxpt:output_config name="system_spi_0_io_data_0_write" name_ddio_lo="" register_option="register" clock_name="io_systemClk" is_clock_inverted="false" is_slew_rate="false" tied_option="none" ddio_type="none" drive_strength="1" />
            <efxpt:output_enable_config name="system_spi_0_io_data_0_writeEnable" is_register="true" clock_name="io_systemClk" is_clock_inverted="false" />
        </efxpt:gpio>
        <efxpt:gpio name="system_spi_0_io_data_1" gpio_def="GPIOL_09" mode="inout" bus_name="" is_lvds_gpio="false" io_standard="3.3 V LVTTL / LVCMOS">
            <efxpt:input_config name="system_spi_0_io_data_1_read" name_ddio_lo="" conn_type="normal" is_register="true" clock_name="io_systemClk" is_clock_inverted="false" pull_option="none" is_schmitt_trigger="false" ddio_type="none" />
            <efxpt:output_config name="system_spi_0_io_data_1_write" name_ddio_lo="" register_option="register" clock_name="io_systemClk" is_clock_inverted="false" is_slew_rate="false" tied_option="none" ddio_type="none" drive_strength="1" />
            <efxpt:output_enable_config name="system_spi_0_io_data_1_writeEnable" is_register="true" clock_name="io_systemClk" is_clock_inverted="false" />
        </efxpt:gpio>
        <efxpt:gpio name="system_spi_0_io_sclk_write" gpio_def="GPIOL_01" mode="output" bus_name="" is_lvds_gpio="false" io_standard="3.3 V LVTTL / LVCMOS">
            <efxpt:output_config name="system_spi_0_io_sclk_write" name_ddio_lo="" register_option="register" clock_name="io_systemClk" is_clock_inverted="false" is_slew_rate="false" tied_option="none" ddio_type="none" drive_strength="1" />
        </efxpt:gpio>
        <efxpt:gpio name="system_spi_0_io_ss" gpio_def="GPIOL_00" mode="output" bus_name="" is_lvds_gpio="false" io_standard="3.3 V LVTTL / LVCMOS">
            <efxpt:output_config name="system_spi_0_io_ss" name_ddio_lo="" register_option="register" clock_name="io_systemClk" is_clock_inverted="false" is_slew_rate="false" tied_option="none" ddio_type="none" drive_strength="1" />
        </efxpt:gpio>
        <efxpt:gpio name="system_uart_0_io_rxd" gpio_def="GPIOT_RXP21" mode="input" bus_name="" is_lvds_gpio="true" io_standard="3.3 V LVTTL / LVCMOS">
            <efxpt:input_config name="system_uart_0_io_rxd" name_ddio_lo="" conn_type="normal" is_register="false" clock_name="" is_clock_inverted="false" pull_option="weak pullup" is_schmitt_trigger="false" ddio_type="none" />
        </efxpt:gpio>
        <efxpt:gpio name="system_uart_0_io_txd" gpio_def="GPIOT_RXP20" mode="output" bus_name="" is_lvds_gpio="true" io_standard="3.3 V LVTTL / LVCMOS">
            <efxpt:output_config name="system_uart_0_io_txd" name_ddio_lo="" register_option="none" clock_name="" is_clock_inverted="false" is_slew_rate="false" tied_option="none" ddio_type="none" drive_strength="1" />
        </efxpt:gpio>
        <efxpt:global_unused_config state="input with weak pullup" />
        <efxpt:bus name="system_gpio_0_io" mode="inout" msb="3" lsb="0" />
    </efxpt:gpio_info>
    <efxpt:pll_info>
        <efxpt:pll name="my_pll" pll_def="PLL_BR2" ref_clock_name="" ref_clock_freq="10.00" multiplier="50" pre_divider="1" post_divider="1" reset_name="systemClk_rstn" locked_name="systemClk_locked" is_ipfrz="false" is_bypass_lock="true">
            <efxpt:output_clock name="io_systemClk" number="0" out_divider="5" adv_out_phase_shift="0" />
            <efxpt:adv_prop ref_clock_mode="external" ref_clock1_name="" ext_ref_clock_id="2" clksel_name="" feedback_clock_name="" feedback_mode="internal" />
        </efxpt:pll>
    </efxpt:pll_info>
    <efxpt:lvds_info />
    <efxpt:mipi_info />
    <efxpt:jtag_info>
        <efxpt:jtag name="jtag_inst1" jtag_def="JTAG_USER1">
            <efxpt:gen_pin>
                <efxpt:pin name="jtag_inst1_CAPTURE" type_name="CAPTURE" is_bus="false" />
                <efxpt:pin name="" type_name="RESET" is_bus="false" />
                <efxpt:pin name="" type_name="UPDATE" is_bus="false" />
                <efxpt:pin name="jtag_inst1_TDO" type_name="TDO" is_bus="false" />
                <efxpt:pin name="" type_name="RUNTEST" is_bus="false" />
                <efxpt:pin name="jtag_inst1_TCK" type_name="TCK" is_bus="false" />
                <efxpt:pin name="jtag_inst1_SEL" type_name="SEL" is_bus="false" />
                <efxpt:pin name="" type_name="TMS" is_bus="false" />
                <efxpt:pin name="jtag_inst1_SHIFT" type_name="SHIFT" is_bus="false" />
                <efxpt:pin name="jtag_inst1_TDI" type_name="TDI" is_bus="false" />
                <efxpt:pin name="" type_name="DRCK" is_bus="false" />
            </efxpt:gen_pin>
        </efxpt:jtag>
    </efxpt:jtag_info>
    <efxpt:ddr_info>
        </efxpt:ddr_info>
</efxpt:design_db>